,Unnamed: 0,headline,month,year
0,0,"A Camera and an Eye, Both One of a Kind",1,2010
1,1,Looking Ahead: Dance,1,2010
2,2,Chronicle of a Changing City,1,2010
3,3,Chick-fil-A Bowl: No. 11 Virginia Tech (9-3) vs. Tennessee (7-5),1,2010
4,4,A Taxing Estate,1,2010
5,5,Working to Separate Big and Small Fliers,1,2010
6,6,"Video of Attack on Protester Is a Fake, Iranian Police Say",1,2010
7,7,"Once, Twice, Three Times a Mayor. I Love You, New York.",1,2010
8,8,Funeral Service for Sutton Means Travel for Governor,1,2010
9,9,"DVD Pirates, Matey",1,2010
10,10,Now for Something Really New,1,2010
11,11,Neel Kashkari’s Quiet Path to Pimco,1,2010
12,12,"Asia Free-Trade Zone Raises Hopes, and Some Fears About China",1,2010
13,13,Ohio State’s Pryor and Oregon’s Offense: A Perfect Match That Wasn’t,1,2010
14,14,It’s Always the End of the World as We Know It,1,2010
15,15,New York’s Resolutions,1,2010
16,16,Bills Look to Their Past for New General Manager,1,2010
17,17,Studies Find Heavy Heating Oil Has Severe Effect on Air Quality,1,2010
18,18,Police Say Placard Misled Them Into Overlooking a Suspect Van in Times Square,1,2010
19,19,Self-Serve Sundaes,1,2010
20,20,Grand New Concert Hall Tests a City’s Frugal Ways,1,2010
21,21,"Conveniences, Once Upon a Time",1,2010
22,22,"Deep Roots, Oranges and a Taste of Florida’s Past",1,2010
23,23,Using Trickery to Burst Into Our Consciousness,1,2010
24,24,"Rachel Wetzsteon, Poet of Keen Insights and Wit, Dies at 42",1,2010
25,25,Dance Listings,1,2010
26,26,Report Cites Crippling Infighting at Nuclear Site,1,2010
27,27,"David Barish, a Developer of the Paraglider, Is Dead at 88",1,2010
28,28,C.I.A. Takes On Bigger and Riskier Role on Front Lines,1,2010
29,29,Terror Attempt May Hinder Plans to Close Guantánamo,1,2010
30,30,"Ruth Lilly, Drug Heiress and Poetry Patron, Dies at 94",1,2010
31,31,Montana Ruling Bolsters Doctor-Assisted Suicide,1,2010
32,32,Bloggingheads: Against Top 10 Lists,1,2010
33,33,Names of the Dead,1,2010
34,34,"As Honor Students Multiply, Who Really Is One?",1,2010
35,35,Corrections,1,2010
36,36,Debate Grows Over Roundup of Wild Horses in Nevada,1,2010
37,37,Corrections,1,2010
38,38,Lottery Numbers,1,2010
39,39,Winter Classic Fervor Blankets Boston,1,2010
40,40,Doubts on Regulation and Renewal Hang Over Wall St.,1,2010
41,41,By George,1,2010
42,42,"After Being a Florida Icon, Tebow Becomes an N.F.L. Question Mark",1,2010
43,43,Parsing Time at the Met,1,2010
44,44,Officials End Immigration Inquiry,1,2010
45,45,Chinese New Year,1,2010
46,46,The Copenhagen Call to Arms,1,2010
47,47,The God That Fails,1,2010
48,48,A Judge and a Politician,1,2010
49,49,Making a Little Fun of Russia’s Powerful,1,2010
50,50,This Grass Is Greener,1,2010
51,51,Dominant Teams Were Also Hugely Engaging,1,2010
52,52,Focus on Internet Imams as Al Qaeda Recruiters,1,2010
53,53,51 Across: Time of Obama’s Swearing In,1,2010
54,54,"Engaged, Employed and Wrestling With Mental Illness",1,2010
55,55,"As Defense Is Assessed, the Giants Mostly Shrug",1,2010
56,56,Justice Takes No Holiday in Room 129 at a Manhattan Court,1,2010
57,57,Obama Aide Gets Waiver to Investigate Airline Plot,1,2010
58,58,New Year’s Day,1,2010
59,59,"A Busy Year for Judiciary, Roberts Says",1,2010
60,60,Mr. Bloomberg’s Third Term,1,2010
61,61,The U.N. in Afghanistan,1,2010
62,62,New Year,1,2010
63,63,Taxing the Estate Heirs: What’s Fair?,1,2010
64,64,Understanding Terror Means Connecting the Dots,1,2010
65,65,The Time Is Now to Enact Health Care Reform,1,2010
66,66,Jordanian Politics,1,2010
67,67,"In Senate Race, the Illinois G.O.P. Is Digging Its Own Hole",1,2010
68,68,A Zeppelin With a View,1,2010
69,69,Time Warner and Fox Extend Talks Overnight,1,2010
70,70,"At Argonne Lab, a Shift From Radioactivity to Supercomputers",1,2010
71,71,Irish Should Follow Wildcats’ Example,1,2010
72,72,Crowds in Times Square Celebrate 2010,1,2010
73,73,"As Tourism and Advertising Slide, a Zeppelin Company Tries to Stay Aloft",1,2010
74,74,N.H.L. Scoreboard: Hawks Say Farewell to 2009 by Crushing Devils,1,2010
75,75,Teahouses’ Unique Blends Are Not Just in the Cup,1,2010
76,76,The Pulse: Where Everybody Knows His Name,1,2010
77,77,Outback Bowl: Northwestern (8-4) vs. Auburn (7-5),1,2010
78,78,Some Medical Marijuana Millionaires Are Turning to Philanthropy,1,2010
79,79,Can the Zeppelin Stay Aloft? Highlights of Our Bay Area Report for Friday,1,2010
80,80,On the Street | Quicksilver,1,2010
81,81,"The Pulse: Looks Like a Library, but No Best Sellers",1,2010
82,82,Leach Denies He Mistreated Player,1,2010
83,83,The Pulse: The Coaching Market for a Bulls Vacancy,1,2010
84,84,Capital One Bowl: No. 13 Penn State (10-2) vs. No. 12 L.S.U. (9-3),1,2010
85,85,North Korea Calls for Better U.S. Ties,1,2010
86,86,The Last Remaining AIDS Hospice in California,1,2010
87,87,Gator Bowl: No. 16 West Virginia (9-3) vs. Florida State (6-6),1,2010
88,88,Corrections,1,2010
89,89,"Celebrating 2010, in Times Square Style",1,2010
90,90,Bomb Takes Heavy Toll at Pakistan Sports Event,1,2010
91,91,Iraqis Angered as Blackwater Charges Are Dropped,1,2010
92,92,Words of 2009 and the 2000s,1,2010
93,93,"The Weekend Word: New Year, Old Issues",1,2010
94,94,Week 17 N.F.L. Matchups,1,2010
95,95,"Special News Quiz | Farewell, 2009",1,2010
96,96,Discovery of Melamine-Tainted Milk Shuts Shanghai Dairy,1,2010
97,97,Corrections,1,2010
98,98,Is ‘Community Rating’ in Health Insurance  Fair?,1,2010
99,99,On the Road: Where the Erie Canal Started,1,2010
